Processed;node03b3c753299e86e66647c895992d2f1.html;[vizio d43 c1, d43 c1, vizio]
Processed;node078369cf6dbedfbd6a0139163278b41.html;[soni]
Processed;node0a070eb66556791fe7b91550f1fd3.html;[vizio d43 c1, d43 c1, vizio]
Processed;node0eecb6dc71a3d27aa11846cde97550.html;[vizio d43 c1, d43 c1, vizio]
Processed;node1041919812be5eb3e353b1894b6e8d5.html;[3840 x 2160, 1.397﻿metr]
Processed;node108b88c6d1fbf74ebab5edf59c9d413a.html;[d43 c1, vizio]
Processed;node1092578679cacf1eb542fc386a706df8.html;[soni]
Processed;node1184e9c57e1320c817cb1367146.html;[vizio d43 c1, 1.0922﻿metr, 1.0922﻿metr, d43 c1, 120.0﻿hertz, 1.0922﻿metr, vizio]
Processed;node11852831fcacad2210d88a1890c04faa.html;[lg 49uf6400, lg]
Processed;node127d6a7dea594d7981a64e6ba118ea.html;[vizio d43 c1, d43 c1, vizio]
Processed;node12f8db6988a5fafe7ffa372efc657f4e.html;[1.0922﻿metr, 1.0922﻿metr, d43 c1, 1.0922﻿metr, vizio]
Processed;node13f0a760be21f42b4af44abeff03e4c.html;[1080p full hd, 1920 x 1080, 1920 x 1080, 1920 x 1080, 1920 x 1080, 0.24892﻿metr, lan, black, black, black, 120 clear motion rate, 120 clear motion rate, 120 clear motion rate, 1.016﻿metr, 1.016﻿metr, 1.016﻿metr, 1.016﻿metr, 1.016﻿metr, 1.016﻿metr, smart hub, samsung, samsung, samsung, samsung, samsung, black, black, black]
Processed;node13f9aad3c5cd3e7b5beb257b9599b7.html;[d43 c1, vizio]
Processed;node1422ae475ac4c6a5a6e726c6dfb71a47.html;[gpx]
Processed;node1452869f626fcc46ca4357b972fa61f.html;[lg 49uf6400, lg]
Processed;node14d3aa4b3f442757c1d5193f5b032d2.html;[soni xbr55x900c, 1.397﻿metr, soni]
Processed;node1518757ed41ee9c71c9a3a862f7bf121.html;[soni xbr65x850c, soni]
Processed;node153658c364ef169bd28c1cae5183b6ad.html;[soni]
Processed;node16f7f121e1c6a142637a4b71a4b3fbd1.html;[black, gpx tde1982b, gpx, black]
Processed;node171d5c519691ffb7988133d694e888f.html;[1.397﻿metr, lg]
Processed;node1787a135358bd06a46888b6f788618a6.html;[d43 c1, vizio]
Processed;node17b72f73358ca57e57ffe521ead765b.html;[d43 c1, vizio, vizio xrt010]
Processed;node1835686c15fb403699b6875ed08f75.html;[vizio d43 c1, d43 c1, vizio]
Processed;node195fca6699cb21b88facd6aebfefca58.html;[1.651﻿metr, 1.651﻿metr, xbr 65x850c, soni]
Processed;node19a8b02f73c83f88e6986443192be.html;[d43 c1, vizio]
Processed;node1ab8d6faf4ea983d54e46e39fbf5aac4.html;[vizio d43 c1, d43 c1, vizio]
Processed;node1b21927357111b3d89f95cfa9365e3d.html;[1.0922﻿metr, 1.0922﻿metr, xbr 43x830c, soni, 1.0922﻿metr]
Processed;node1bbe172faff29dc9d4acafd7526e6b6.html;[1.651﻿metr, 1.651﻿metr, lg]
Processed;node1c22d455ba0ee555ec3816c9b3ace.html;[lg 49uf6400, lg]
Processed;node1cd526f395a04cf124f8d42dfc67bd9.html;[d43 c1, vizio]
Processed;node1d7c5659b447aa82564b37a2b05c46f3.html;[d43 c1, vizio]
Processed;node1d93e177f901d0ada33ffc9adfc110.html;[d43 c1, vizio]
Processed;node1e69f39735a1fcfc9aa78f431be6e5a6.html;[lg 49uf6400, lg]
Processed;node1e7caffc26c5966ac1f5e465f89a9e.html;[d43 c1, vizio]
Processed;node1e8ea6b0354920aefc2c74af58fef70.html;[1.397﻿metr]
Processed;node1edba47a91eb9fb42dffe5d2c39b76e.html;[vizio]
Processed;node1efd55351bfebcc578c46d9d8d16b7.html;[samsung]
Processed;node1f017d164a6a8f42f563ff8da9b99c6.html;[d43 c1, vizio]
Processed;node1f3780b181a25d9741417d9ed753d8.html;[1.016﻿metr, samsung]
Processed;node2044e0aa598573d661eaa7f113353.html;[720p, 1280 x 800, jpeg, black, black, 0.33782﻿metr, 0.33782﻿metr, 0.33782﻿metr, 0.33782﻿metr, 0.33782﻿metr, gpx, gpx, gpx, black, black]
Processed;node2067e5fb6017221cad3a4fc2542583b0.html;[samsung]
Processed;node20e8d2458188b96141f7445f382a53.html;[ye, ye, 1.524﻿metr, 1.524﻿metr, 1.524﻿metr, 1.524﻿metr, 1.524﻿metr, 1.524﻿metr, ye, 4k suhdtv 2160p, ye, 3840 x 2160, 3840 x 2160, 3840 x 2160, 0.0635﻿metr, ye, js7000 seri, js7000 seri, js7000 seri, js7000 seri, js7000 seri, js7000 seri, 1 year, ye, ye, ye, ye, atsc, samsung, samsung, samsung, samsung, samsung, ye, ye]
Processed;node2145ce8066bc6e736e461c15b1b68427.html;[d43 c1, vizio]
Processed;node21649dab52ca185a7d4f4f70da594153.html;[samsung]
Processed;node2252e117f320a39b9ef1d1bd923574e2.html;[gpx]
Processed;node23568c805ca325d341da15f5e4b3f4.html;[soni]
Processed;node238231b1ba75af847ed1aabd23cffbc4.html;[vizio]
Processed;node23bcc8c3b37427cc632941ca548d942c.html;[3840 x 2160, 1.397﻿metr]
Processed;node23ce726da3351703c3a266c3ed7ab8.html;[4k uhdtv 2160p, 3840 x 2160, 3840 x 2160, 3840 x 2160, 3840 x 2160, 3840 x 2160, black, 7 seri, 1.397﻿metr, 1.397﻿metr, 1.397﻿metr, 1.397﻿metr, 1.397﻿metr, 1.397﻿metr, 1.397﻿metr class 1.38684﻿metr viewabl, atsc, samsung, samsung, samsung, samsung, samsung, 1.38684﻿metr, black]
Processed;node23d6d5722c2034aef12babe415e7fc.html;[1.27﻿metr, samsung]
Processed;node23ef1113b6ba1d719c6bded4540bfe7.html;[soni xbr55x800b, 1.397﻿metr, 120.0﻿hertz, soni]
Processed;node248f74cc2463aaa55f881cd5c24a1.html;[black, black, black, 1.0922﻿metr, 1.0922﻿metr, 1.0922﻿metr, 1.0922﻿metr, 1.0795﻿metr, 1.0795﻿metr, 1.0922﻿metr, 1.0922﻿metr, lg, lg, black, black, black]
Processed;node249a2ccf5693aeac6d6522c0d2fec2.html;[vizio d43 c1, d43 c1, vizio]
Processed;node24b7a3ad452fd63cc5a11a9eeb71d9.html;[1.397﻿metr, 1.397﻿metr class 1.38684﻿metr viewabl, 1.38684﻿metr]
Processed;node24f4baa6d53bbe2ffb543037eb1bb5d9.html;[1.0922﻿metr, 1.0922﻿metr, d43 c1, 1.0922﻿metr, vizio]
Processed;node2535e565744f1170a73d72719fc0f3c9.html;[ye, ye, black, black, black, black, black, led backlight, 4k uhd 2160p, ye, ye, 3840 x 2160, 3840 x 2160, 3840 x 2160, 3840 x 2160, ye, ye, lan, ye, ye, ye, ye, soni, soni, soni, soni, soni, black, black, black, black, black, ye, ye, 0.22097999999999998﻿metr, 1.397﻿metr, 1.397﻿metr, 1.397﻿metr, 1.397﻿metr, 1.397﻿metr, 1.397﻿metr class 1.38684﻿metr viewabl, ye, ye, 1.38684﻿metr, xbr x850c seri, motionflow xr 960, motionflow xr 960, motionflow xr 960, 21001.68﻿gram, 120.0﻿hertz, 120.0﻿hertz, 120.0﻿hertz, ye, ye, ye, ye, ye, ye, ye, ye]
Processed;node25b2221e7628bed5a1d613939925c9b9.html;[d43 c1, vizio, vizio xrt010]
Processed;node25c825b5a4da47ad5413b0e048cb1e4.html;[black, gpx tde1982b, gpx, gpx, black]
Processed;node25ee39df4fc8dddc67ecc28e22439d2.html;[led backlight, samsung]
Processed;node25f2a6c8f2bba7e2d3851a7690d1412d.html;[soni]
Processed;node265232d1fc1756b66b3b83fb9a734a2c.html;[4k uhdtv 2160p, 1.651﻿metr, 1.651﻿metr, 1.651﻿metr, 1.651﻿metr, 1.651﻿metr, 1.651﻿metr, 3840 x 2160, 3840 x 2160, 3840 x 2160, 3840 x 2160, ju6700 seri, 1.651﻿metr, 1.651﻿metr, 1.651﻿metr, 1.651﻿metr, 1.651﻿metr, 1.651﻿metr, 1.651﻿metr class 1.6382999999999999﻿metr viewabl, atsc, samsung, samsung, samsung, samsung, samsung, 1.6382999999999999﻿metr]
Processed;node265541da3bc681caeef5f4fd25a67d2.html;[vizio d43 c1, 1.0922﻿metr, 1.0922﻿metr, d43 c1, 1.0922﻿metr, vizio]
Processed;node2665432b5e373b928b9f12fd0182414.html;[lg, lg]
Processed;node26a7b26a7c95edf7bfc725da558994ff.html;[vizio d43 c1, d43 c1, vizio]
Processed;node26a858d11e5283c661ef3637efd31b1c.html;[1.397﻿metr, lg]
Processed;node27041c69fe29cb93f4071946ce55bc9.html;[soni]
Processed;node273aa8648bdda02a4bcae72a1a5a1f8.html;[vizio d43 c1, d43 c1, vizio]
Processed;node274686201283d51f2c6b8fc2d059a5e6.html;[1.651﻿metr, 1.651﻿metr, black, black, black, black, 1.651﻿metr, 1.651﻿metr, lg, lg, 1.6382999999999999﻿metr, 1.6382999999999999﻿metr, black, black, black, black]
Processed;node276f67dccfe8c23864a047bcc327c3f.html;[vizio d43 c1, d43 c1, vizio]
Processed;node27b57cac1cfb8e8c79c352bd140c724.html;[vizio d43 c1, d43 c1, vizio]
Processed;node28132f8746e47c299f946ba9c3a27ace.html;[1.0922﻿metr, 1.0922﻿metr, 1.0922﻿metr, lg]
Processed;node2813a5a69b1b33d5369bed28dbef3ec.html;[gpx]
Processed;node282a72b3279aa85368851abd63f73bc.html;[vizio d43 c1, 1.0922﻿metr, 1.0922﻿metr, d43 c1, 1.0922﻿metr, vizio]
Processed;node2873912ad5baeed3d519c0543ebbf7.html;[samsung un50eh5300, samsung]
Processed;node288259beb1bb5c24b738bbd81bc8b19.html;[samsung]
Processed;node288fe629dd8a16bff39c13665c8cded.html;[vizio]
Processed;node28bb1915e78a6f80e18ef3bc315229d4.html;[d43 c1, vizio]
Processed;node291259a4b647bf667b4bf23e6953e1d.html;[1.651﻿metr, 1.651﻿metr, lg]
Processed;node29a44a43ccce693398c8eaa13350954c.html;[1080p full hd, vizio d43 c1, 1.0922﻿metr, 1.0922﻿metr, d43 c1, 120.0﻿hertz, 1.0922﻿metr, vizio]
Processed;node2a50a66d0cfe2f9c641097c83892ee.html;[16 9, webo 2.0, webo 2.0, lg]
Processed;node2a6e89daa8c0be422328becea0fd11a8.html;[]
Processed;node2adaa221ac4791c47f29f345972f1c91.html;[1.0922﻿metr, 1.0922﻿metr, d43 c1, 120.0﻿hertz, 1.0922﻿metr]
Processed;node2b6cda69d3fecce68389a9b67b4781b6.html;[ye, led backlight, 1080p full hd, 1080p fullhd, ye, 1920 x 1080, 1920 x 1080, 1920 x 1080, 1920 x 1080, 1920 x 1080, ye, wi fi lan, lan, ye, ye, atsc, samsung, samsung, samsung, samsung, samsung, ye, 1.397﻿metr, 1.397﻿metr, 1.397﻿metr, 1.397﻿metr, 1.397﻿metr, 1.397﻿metr, 1.397﻿metr class 1.38684﻿metr viewabl, 15694.560000000001﻿gram, ye, dolbi digit output, 1.38684﻿metr, 0.0635﻿metr, 6350 seri, 6350 seri, 6350 seri, 6350 seri, 6350 seri, 6350 seri, 240.0﻿hertz clear motion rate, ye, 60.0﻿hertz, ye, ye, ye]
Processed;node2b98c545e891f1a6ed225e43ae7afb.html;[1.397﻿metr, soni]
Processed;node2bd43e72e5222c9e0233ceaa75684f.html;[vizio d43 c1, 1.0922﻿metr, 1.0922﻿metr, d43 c1, 1.0922﻿metr, vizio]
Processed;node2c2c91c4237d53da1f0ddd8b58ce2b2.html;[16 9, 1.016﻿metr, samsung]
Processed;node2c2db2ec198332f5df4bd07dde40352b.html;[samsung]
Processed;node2c7dd6152dcb2320cc883835f1389ee7.html;[4k uhd 2160p, 3840 x 2160, 3840 x 2160, 3840 x 2160, lan, black, lg 55eg9600, lg 55eg9600, lg 55eg9600, lg 55eg9600, 1.397﻿metr, 1.397﻿metr, 1.397﻿metr, 1.397﻿metr, 1.397﻿metr, 1.397﻿metr class 1.38684﻿metr viewabl, lg, lg, lg, lg, lg, 1.38684﻿metr, black]
Processed;node2c847321801b46d2242aa6d54992d8.html;[lg, lg]
Processed;node2cd04c19b982b0c9e0402dab9ff38af2.html;[gpx]
Processed;node2dcce98767cd35fedd507a7ae7217587.html;[samsung]
Processed;node2edd5d60bc7df9856386cc2b4d3bdfd.html;[samsung]
Processed;node2ffe97587c9ee744bce038afff20d726.html;[vizio d43 c1, d43 c1, vizio]
Processed;node30a2be3afe2094bc95c9b875fd909987.html;[webo 2.0, 1.397﻿metr]
Processed;node31b6ff8f1432b5b4d0118071872b8f31.html;[soni xbr43x830c, 1.0922﻿metr, 1.0922﻿metr, soni, 1.0922﻿metr]
Processed;node3247d5327865682cc8a74b1ae24e2c0.html;[lg]
Processed;node345060bec9166daf58b733cde04b4618.html;[1.651﻿metr, 1.651﻿metr, soni]
Processed;node34c1672febd8377e14cd189cbd3a3e.html;[1.016﻿metr, samsung]
Processed;node34c593e4374baacde1ad07bbf476de9.html;[3840 x 2160, 1.397﻿metr]
Processed;node34eca4a8c22ee84133b0fdd114a6ea33.html;[d43 c1, vizio]
Processed;node34eee5d4db8f562c99bea559d8a9b3.html;[lg 49uf6400, lg]
Processed;node368d0939ef27fc5d40585288a9a15f.html;[lg 65eg9600, lg]
Processed;node36c1b44185ee2e737860bff34841564e.html;[1.016﻿metr, samsung]
Processed;node36fd5b569da2b0d7bd2991f7aee452b.html;[1.397﻿metr]
Processed;node37718863222c046e0a74139f79fe37e.html;[1.0922﻿metr, 1.0922﻿metr, 1.0922﻿metr, vizio]
Processed;node37e593119ec3328a68d769f6a7eeffa.html;[1.27﻿metr, samsung]
Processed;node3839987fcd31ea3b9816a2125d5c36e.html;[samsung]
Processed;node387c9351dc25d22054b689e6c4b03c26.html;[samsung]
Processed;node388432aa1985fba98a679c8463e3f.html;[soni xbr55x850c, soni]
Processed;node38d1a0dc3b46603b6d407e4021902ca8.html;[webo 2.0, 1.397﻿metr]
Processed;node38d7207070ee5466c1cee74cc7a21e32.html;[webo 2.0, 1.397﻿metr]
Processed;node38e3b1dba9c092194195ea63742eb3e9.html;[lg 49uf6400, lg]
Processed;node38fb96e5d44e11fda439fc172a47c3.html;[ye, ye, ye, 4k uhdtv 2160p, ye, 3840 x 2160, 3840 x 2160, 3840 x 2160, ye, 240 clear motion rate, 240 clear motion rate, 240 clear motion rate, 1 year, ye, ye, ye, ye, atsc, samsung, samsung, samsung, samsung, samsung, ye, ye]
Processed;node399d7244671d6f51fe5dde58bc959.html;[d43 c1, vizio]
Processed;node3aa554a13cc7c9754ebf3b15bdbdff9.html;[1.016﻿metr, samsung]
Processed;node3ade7993fd7ae26b93c3992cf51072.html;[samsung]
Processed;node3b11b7a2b537e2c2f8fe1c8b475a2eaa.html;[1.2446﻿metr, 1.2446﻿metr, vizio]
Processed;node3b44a7c376844454eb1a8735ed9ea81f.html;[soni]
Processed;node3b5b6934e7d316ce522d45f9f6ce843.html;[0.0508﻿metr, webo 2.0, 1.397﻿metr, lg, lg]
Processed;node3ba8592a7355d7ba93ff4c7a3173843.html;[vizio]
Processed;node3c3530d6d5424facdc1a6218bd20d7d7.html;[4k uhdtv 2160p, 3840 x 2160, 3840 x 2160, 3840 x 2160, lan, 1.397﻿metr, 1.397﻿metr, 1.397﻿metr, 1.397﻿metr, 1.397﻿metr, 1.397﻿metr, 1.397﻿metr, vizio, vizio, vizio, vizio, vizio, activ]
Processed;node3c9f64dff1212fd9f68cece325bd8763.html;[xbr 65x850c, soni]
Processed;node3d3cc3c850e482f7dca7923b4d7627c.html;[lg]
Processed;node3e1dfef9b7f88532d8134ea939c0faf.html;[vizio d43 c1, 1.0922﻿metr, 1.0922﻿metr, d43 c1, 120.0﻿hertz, 1.0922﻿metr, vizio]
Processed;node3ea6f671c4306a52c6291896a42f656.html;[1080p fullhd, 1920 x 1080, 1920 x 1080, 1920 x 1080, lan, black, 1.778﻿metr class 1.7652999999999999﻿metr viewabl, 120.0﻿hertz, 120.0﻿hertz, 120.0﻿hertz, led backlight, led backlight, vizio, vizio, vizio, vizio, activ, black]
Processed;node3eb09bc7d5d1c27340696ee26581a142.html;[vizio d43 c1, d43 c1, vizio]
Processed;node3eead8231ad7d6b5dc1cf6333c4a64.html;[black, black, black, 1.524﻿metr, 1.524﻿metr, 1.524﻿metr, 1.524﻿metr, un60js7000fxza, smart hub, samsung, samsung, samsung, black, black, black]
Processed;node3f2187b9b0ebe63add4877ae20155360.html;[jpeg, black, black, black, black, 0.2286﻿metr, mp3, 1.016﻿metr, 1.016﻿metr, 1.016﻿metr, 1.016﻿metr, 1.016﻿metr, 1080p full hd, 1080p full hd, 1080p full hd, 1080p full hd, 16 9, 16 9, 16 9, 240 clear motion rate, 240 clear motion rate, 240 clear motion rate, 120.0﻿hertz, 120.0﻿hertz, 120.0﻿hertz, mt, samsung, samsung, samsung, samsung, samsung, samsung, univers remot control, black, black, black, black]
Processed;node3f5dbca909efa9ce36de1986175a.html;[0.33782﻿metr, 60.0﻿hertz]
Processed;node3f7655d77e51ae359083f64f95df609.html;[vizio d43 c1, 1.0922﻿metr, 1.0922﻿metr, d43 c1, 120.0﻿hertz, 1.0922﻿metr, vizio]
Processed;node3fad5ebbe7579b6a14e1a375238e29d.html;[d43 c1, vizio]
Processed;node3fccecec87624cfea7cfa8f596356d0.html;[ntsc, jpeg, mp3, 0.33782﻿metr, 0.33782﻿metr, sleep, atsc, atsc]
Processed;node3ff0b1197849cb836a92b727b558f.html;[1080p fullhd, 1920 x 1080, 1920 x 1080, 1920 x 1080, 0.8128﻿metr, 0.8128﻿metr, 0.8128﻿metr, 0.8128﻿metr, 0.8128﻿metr, lan, 0.8128﻿metr class 0.8000999999999999﻿metr viewabl, 0.8128﻿metr, 0.8128﻿metr, 0.8128﻿metr, 0.8128﻿metr, 0.8128﻿metr, 120.0﻿hertz, 120.0﻿hertz, 120.0﻿hertz, vizio, vizio, vizio, vizio, vizio, vizio, vizio, 0.8000999999999999﻿metr]
Processed;node4010e9a2be2f389452e181aed34df5a.html;[720p, gpx tde1384b, 0.33782﻿metr, 60.0﻿hertz, gpx]
Processed;node40e4cc54dc8a2b94e63e35c9eb91888.html;[lg 49uf6400, lg]
Processed;node423bc01585b2c5cf40dd438a487fe987.html;[gpx]
Processed;node434e611dbdbdbf3baf83afa3a6c284d9.html;[1.397﻿metr, soni]
Processed;node435f84991c3afc59ac22c2295fb1b2f.html;[gpx]
Processed;node443f57054428f1263a92294c91335.html;[1.397﻿metr, lg]
Processed;node44921370993dc89f734cc4a2cba8976.html;[lg 49uf6400, lg]
Processed;node44fd1261d561e33ed7743d6fb46e2c2.html;[soni xbr55x900c, 1.397﻿metr, soni]
Processed;node456b51603237bf548071cb6bb4cc113.html;[un40ju6400fxza, samsung]
Processed;node4595764019ab20b2f8a5f9df9477c25.html;[1.397﻿metr, soni]
Processed;node459f7d08df4c89fdf122238d49e1c.html;[]
Processed;node466232fa12937cd0bd674d7def3e7071.html;[lg 65eg9600, lg]
Processed;node46875ee502a3f56da70199d0ef286f.html;[gpx]
Processed;node46a6cafb3456393224bb96ebca08b26.html;[4k uhdtv 2160p, 3840 x 2160, 3840 x 2160, 3840 x 2160, 3840 x 2160, black, black, black, black, 120 clear motion rate, 120 clear motion rate, 120 clear motion rate, 6 seri, samsung un48ju6400, samsung un48ju6400, samsung un48ju6400, 1.2191999999999998﻿metr, 1.2191999999999998﻿metr, 1.2191999999999998﻿metr, 1.2191999999999998﻿metr, 1.2191999999999998﻿metr, 1.2191999999999998﻿metr, 1.2191999999999998﻿metr, 1.2191999999999998﻿metr, 1.2191999999999998﻿metr, 1.2191999999999998﻿metr, 1.2191999999999998﻿metr, 1.2191999999999998﻿metr, atsc, samsung, samsung, samsung, samsung, samsung, black, black, black, black]
Processed;node46fc3ac8e7f7cda51778eaa75326a0be.html;[gpx]
Processed;node4753c067b2e579707e79aa9e1979ddd.html;[1.397﻿metr]
Processed;node47cb5239a78ac797713fb621d4edb44a.html;[samsung]
Processed;node47d2e17efca38564ff9abfef7e52b3.html;[1.397﻿metr, soni]
Processed;node47dbee89b0aa9d3b999bcc64b1aa7c1b.html;[gpx]
Processed;node47ef2ec84c27b512d10ceb42388af.html;[1.27﻿metr, samsung]
Processed;node4827488809c812aa37c7436b2132cc.html;[]
Processed;node4a26bb3f61af572823c28476a889a117.html;[1.0922﻿metr, 1.0922﻿metr, d43 c1, 1.0922﻿metr, vizio]
Processed;node4b1fc88d1fadbeb59fc24124a74b3c.html;[vizio d43 c1, d43 c1, vizio]
Processed;node4c16c3ba5b439ea29c69a7cd18638b3.html;[d43 c1, vizio]
Processed;node4cc5bc1e24513e1c0bebb9ac70614.html;[vizio, vizio, vizio, vizio, vizio, vizio, vizio xrt122, vizio xrt122, vizio xrt122, vizio xrt122, vizio xrt122]
Processed;node4d38987022b9e56c96e5897173fc5b47.html;[16 9, 1.016﻿metr, samsung]
Processed;node4d64701fa542f354b44d3c1f951bd372.html;[1.0922﻿metr, 1.0922﻿metr, d43 c1, 1.0922﻿metr, vizio]
Processed;node4d8f5d30b359e8cd92797033040e3cd.html;[black, black, black, 1.0922﻿metr, 1.0922﻿metr, 1.0922﻿metr, 1.0922﻿metr, 1.0795﻿metr, 1.0795﻿metr, 1.0922﻿metr, 1.0922﻿metr, lg, lg, black, black, black]
Processed;node4dbdd2be197c24a7a0dcdd56e9a24dd9.html;[soni]
Processed;node4e1b8ea22339e9dfc38af0b9fcce663a.html;[d43 c1, vizio]
Processed;node4e1ddd21501063f843ae8b380ba80a6.html;[samsung]
Processed;node4ea767a8631dd04196462aea15d65d.html;[1.524﻿metr, samsung]
Processed;node4f8147b77dffc46dd5ef18446099542a.html;[d43 c1, vizio]
Processed;node4fafb64854fedf1b6b24852c5aade2b1.html;[gpx]
Processed;node50b5e89ae124709a457837e4c1c66241.html;[gpx]
Processed;node50d3882757f31c8a66ecc65704fd6e1.html;[samsung]
Processed;node50fa77bdc7fe1792f8d2b4c23f918218.html;[1.016﻿metr, samsung]
Processed;node51b144a8851f2f90f56650e7f5ebf590.html;[samsung]
Processed;node52a7b03258d1cb703580d1671811eccb.html;[vizio d43 c1, d43 c1, vizio]
Processed;node53955d356fe4661e2dcdcedad2d8f249.html;[1.016﻿metr, un40ju6400fxza, samsung]
Processed;node54743c5b6d34e8d53bac989b58aa6dc.html;[1.016﻿metr, samsung]
Processed;node547b1b81f9647b0a89285372759edb1.html;[1.397﻿metr, 120.0﻿hertz, soni]
Processed;node554ec0d5735ea69bd570664e35f739be.html;[ye, ye, ye, ye, 1.2191999999999998﻿metr, 1.2191999999999998﻿metr, 1.2191999999999998﻿metr, 1.2191999999999998﻿metr, 1.2191999999999998﻿metr, ye, ye, 1.20904﻿metr, 4k suhdtv 2160p, ye, ye, 1.20904﻿metr, 3840 x 2160, 3840 x 2160, 3840 x 2160, 3840 x 2160, ye, ye, js9000 seri, 1.2191999999999998﻿metr, 1.2191999999999998﻿metr, 1.2191999999999998﻿metr, 1.2191999999999998﻿metr, 1.2191999999999998﻿metr, ye, ye, ye, ye, ye, ye, ye, ye, atsc, samsung, samsung, samsung, samsung, samsung, ye, ye, ye, ye]
Processed;node55e482fc96276bfe65e53e8ff738db7.html;[lg]
Processed;node55fa6c19643789294ec579ee266183.html;[soni]
Processed;node5727979fb124c41d27d742fa479873b.html;[android tv]
Processed;node573591b42451e8357a16b294b193a6a5.html;[1.397﻿metr, 1.397﻿metr, lg, lg, 1.38684﻿metr, 1.38684﻿metr]
Processed;node57c878704a407a1da0d18b17ce9e0fa.html;[4k uhdtv 2160p, 1.397﻿metr, 1.397﻿metr, 1.397﻿metr class 1.38684﻿metr viewabl, 120.0﻿hertz, samsung, samsung, samsung, 1.38684﻿metr]
Processed;node59429ca9c3f79d12a638187213ce89.html;[samsung un48ju6400, samsung]
Processed;node596db4de834c81edf834d092d9c8efd2.html;[1.27﻿metr, samsung]
Processed;node5afda4724114df56eff09b37981419.html;[samsung un55ju6500, 1.397﻿metr, samsung]
Processed;node5bc863e6c4b42989d55519ce960729.html;[1.651﻿metr, 1.651﻿metr, soni]
Processed;node5c93dbd67d99a466f47a527e9a8a81c.html;[lg 49uf6400, lg]
Processed;node5caf393c8e65460fafbd4643a1635bc.html;[samsung]
Processed;node5cfc3111e86663c71ae7d9e769f43641.html;[1.651﻿metr, 1.651﻿metr, soni]
Processed;node5d654fadc5cada7635a6525863c1829.html;[silver, webo 2.0, lg 55eg9600, 1.397﻿metr, lg, silver]
Processed;node5db48c32b7cee676c84fb326f5f553d.html;[black, black, black, 1.0922﻿metr, 1.0922﻿metr, 1.0922﻿metr, 1.0922﻿metr, soni, soni, 1.0795﻿metr, 1.0795﻿metr, 1.0922﻿metr, 1.0922﻿metr, black, black, black]
Processed;node5e8acc74fe9fb4ba3aa7a8b256f2ae1a.html;[soni]
Processed;node5fdb6bb3b6658873f0d75f2ea5d18.html;[1.016﻿metr, samsung]
Processed;node607def78aa2c19d6a5adcd13d1ce2134.html;[vizio d43 c1, 1.0922﻿metr, 1.0922﻿metr, d43 c1, 1.0922﻿metr, vizio]
Processed;node6096e5ba1828eaa7a857b93912fb543.html;[1080p fullhd, black, black, black, j6300 seri, 1.397﻿metr, 1.397﻿metr, 1.397﻿metr, 1.397﻿metr, 1.397﻿metr, 1.397﻿metr class 1.38684﻿metr viewabl, atsc, samsung, samsung, samsung, samsung, samsung, 1.38684﻿metr, black, black, black]
Processed;node60daae304b18d56bb7fd5e7dae73ce74.html;[samsung]
Processed;node6124adbd1857d0a7de3e1a251aaf6f41.html;[gpx]
Processed;node6178f627be68cb1fe582efa6a1a1466.html;[soni]
Processed;node62aa28f37676c392289b6393a7a550e8.html;[webo 2.0, lg 43uf6400, 1.0922﻿metr, 1.0922﻿metr, 120.0﻿hertz, 1.0922﻿metr, lg]
Processed;node63ba461c4abcfb7c382632d636f9f1cf.html;[silver, webo 2.0, lg 55eg9600, 1.397﻿metr, lg, silver]
Processed;node63f29bb2c4df1ecdea8d4459f02e83.html;[ye, ye, 1.651﻿metr, 1.651﻿metr, 1.651﻿metr, 1.651﻿metr, 1.651﻿metr, 1.651﻿metr class 1.6382999999999999﻿metr viewabl, ye, 1.6382999999999999﻿metr, 4k suhdtv 2160p, 1.651﻿metr, 1.651﻿metr, 1.651﻿metr, 1.651﻿metr, 1.651﻿metr, ye, 3840 x 2160, 3840 x 2160, 3840 x 2160, 3840 x 2160, ye, ye, ye, ye, ye, atsc, samsung, samsung, samsung, samsung, samsung, ye, ye]
Processed;node649a662bfa060da8f1f1a69f83927.html;[4k uhdtv 2160p, 1.651﻿metr, 1.651﻿metr, 1.651﻿metr, 1.651﻿metr, 3840 x 2160, 3840 x 2160, 3840 x 2160, 120.0﻿hertz clear motion rate, 120.0﻿hertz clear motion rate, 120.0﻿hertz clear motion rate, 1.651﻿metr, 1.651﻿metr, 1.651﻿metr, 1.651﻿metr, 1.651﻿metr class 1.6382999999999999﻿metr viewabl, 23496.48﻿gram, 120.0﻿hertz, 120.0﻿hertz, 120.0﻿hertz, atsc, samsung, samsung, samsung, samsung, samsung, 1.6382999999999999﻿metr, 0.84328﻿metr]
Processed;node64e0b7385aeda58816585fa8c7c6e96.html;[vizio d43 c1, 1.524﻿metr, d43 c1, vizio]
Processed;node65164197f30544da37ad5a2b7c77baa.html;[1.651﻿metr, 1.651﻿metr, black, black, black, black, 1.651﻿metr, 1.651﻿metr, lg, lg, 1.6382999999999999﻿metr, 1.6382999999999999﻿metr, black, black, black, black]
Processed;node6596a3d958b450f7ac6332e91866f366.html;[1.016﻿metr, gpx]
Processed;node666a50e085bfde5b1cbf30ea59fe919c.html;[vizio d43 c1, d43 c1, vizio]
Processed;node667b24fe814d56f6c2bc1522cf859e.html;[vizio d43 c1, d43 c1, vizio]
Processed;node66c412c9db6766606c7560a1f457f55e.html;[1.397﻿metr, lg]
Processed;node66e1a3264db98d4cab3dbe4f9295858.html;[webo 2.0, lg 43uf6400, 1.0922﻿metr, 1.0922﻿metr, 120.0﻿hertz, 1.0922﻿metr, lg]
Processed;node6771d29823aceb14cc0ed7742c767d5.html;[ye, ye, 1.651﻿metr class 1.6382999999999999﻿metr viewabl, 1.651﻿metr, 1.651﻿metr, 1.651﻿metr, 1.651﻿metr, 1.651﻿metr, ye, dolbi digit plu output dolbi puls output, dolbi digit plu output, dt digit output dolbi digit plu output, dt digit output dolbi digit plu output dolbi puls output, 1.6382999999999999﻿metr, 4k uhdtv 2160p, 4k uhdtv 2160p, ye, 1.651﻿metr, 1.651﻿metr, 1.651﻿metr, 1.651﻿metr, 1.651﻿metr, 3840 x 2160, 3840 x 2160, 3840 x 2160, 0.32766﻿metr, ye, 1 year, ye, 60.0﻿hertz, ye, ye, ye, atsc, ye, samsung, samsung, samsung, samsung, samsung, ye]
Processed;node6911f45b66305e11f1a28da74cfe85bb.html;[1.651﻿metr, black, 1.651﻿metr, lg, black]
Processed;node69d616728cf5e9b5bf96cd78db8e428.html;[1.016﻿metr, un40ju6400fxza, samsung]
Processed;node6a7f9a667ab4a58f22e16afab845af.html;[vizio]
Processed;node6b643e398171fd51932f155d32b55429.html;[1.0922﻿metr, 1.0922﻿metr, xbr 43x830c, soni, 1.0922﻿metr]
Processed;node6bc1a0117d1b979ca9ac8feef9cd63d6.html;[black, black, black, 1.524﻿metr, 1.524﻿metr, 1.524﻿metr, 1.524﻿metr, un60js7000fxza, smart hub, samsung, samsung, samsung, black, black, black]
Processed;node6c32a8bf2111f30ade7dbeec9dfa89.html;[webo 2.0, 1.397﻿metr]
Processed;node6c875e614125b1e3839b8bd917e374.html;[samsung]
Processed;node6d23ebeb543b9874fbbb1629f75c20.html;[soni xbr43x830c, soni, soni]
Processed;node6d3ae89d25224e4a991053c7135da6d.html;[vizio d43 c1, d43 c1, vizio]
Processed;node6d95331d4e1f29bcfd89bdc91b571a7.html;[1.2446﻿metr, 1.2446﻿metr, 120.0﻿hertz, soni]
Processed;node6dd70d3577dc43f5cb1d4b4f134e927.html;[lg]
Processed;node6f20a69e32d6be8fa83e1f68673c1b4.html;[ye, ye, 1.524﻿metr, 1.524﻿metr, 1.524﻿metr, 1.524﻿metr, 1.524﻿metr, 1.524﻿metr, ye, 4k suhdtv 2160p, ye, 3840 x 2160, 3840 x 2160, 3840 x 2160, 0.0635﻿metr, ye, js7000 seri, js7000 seri, js7000 seri, js7000 seri, js7000 seri, js7000 seri, 1 year, ye, ye, ye, ye, atsc, samsung, samsung, samsung, samsung, samsung, ye, ye]
Processed;node6f65753c5535dc8834df0d6bb62439.html;[black, black, black, 1.0922﻿metr, 1.0922﻿metr, 1.0922﻿metr, 1.0922﻿metr, soni, soni, 1.0795﻿metr, 1.0795﻿metr, 1.0922﻿metr, 1.0922﻿metr, black, black, black]
Processed;node6f83a99ce89a2e14cd2a40b492d238.html;[1.651﻿metr, 1.651﻿metr, soni]
Processed;node70488dd7de9442ada98e3dbf6541f67c.html;[1.016﻿metr, samsung]
Processed;node7084414a1192f489b74859af517ffe19.html;[720p, 720p, 720p, 720p, black, black, black, gpx tde1982b, gpx, black, black, black]
Processed;node7117b75e34e665bb75a391f15525f9b6.html;[720p, gpx tde1384b, 0.33782﻿metr, 60.0﻿hertz, gpx]
Processed;node716479125c1ac39bc0f598b7c695f65.html;[1.397﻿metr, soni]
Processed;node716ca217177d63b4afbea1652c8c45ca.html;[4k uhdtv 2160p, 802.11n, 802.11ac, 3840 x 2160, 3840 x 2160, 3840 x 2160, lan, 1.0922﻿metr, 1.0922﻿metr, 1.0922﻿metr, 1.0922﻿metr, 1.0922﻿metr, 1.0922﻿metr, 1.0922﻿metr, 1.0922﻿metr, 1.0922﻿metr, 1.0922﻿metr, 1.0922﻿metr, 1.0922﻿metr, 1.0922﻿metr, 1.0922﻿metr, 1.0922﻿metr, vizio, vizio, vizio, vizio, vizio, vizio, activ]
Processed;node71753bb39a46bed47a17898986d13f4.html;[]
Processed;node722b442e30c6620c6776847f1c4888a.html;[vizio d43 c1, d43 c1, vizio]
Processed;node72cebce8edbdadbfd2d44d9af2e4b172.html;[black, black, black, 1.0922﻿metr, 1.0922﻿metr, 1.0922﻿metr, 1.0922﻿metr, soni, soni, 1.0795﻿metr, 1.0795﻿metr, 1.0922﻿metr, 1.0922﻿metr, black, black, black]
Processed;node7317a441c0e5a1b13a2bdc95e99a9aaa.html;[black, black, black, 1.524﻿metr, 1.524﻿metr, 1.524﻿metr, 1.524﻿metr, un60js7000fxza, smart hub, samsung, samsung, samsung, black, black, black]
Processed;node7347424ebe6c2b90e306959ff559b24.html;[soni]
Processed;node735f4e66d4156757ca804f19ce9f49.html;[vizio d43 c1, 1.0922﻿metr, 1.0922﻿metr, d43 c1, 120.0﻿hertz, 1.0922﻿metr, vizio]
Processed;node73a1b1fb1487ed2eb94bb23b827e4951.html;[vizio d43 c1, 1.0922﻿metr, 1.0922﻿metr, d43 c1, 1.0922﻿metr, vizio]
Processed;node73ac4565be4e108c9a372ffebb0943d.html;[lg]
Processed;node74f360bc82ac9f3ae4dc53a332e941.html;[samsung]
Processed;node74fb8f21f6efe73d1e2a80c2683434.html;[gpx]
Processed;node7567f45f12d583edf5a8e73e12bef268.html;[xbr 65x850c, soni]
Processed;node758fe2f45621f5dc61407410c4a16c7.html;[1.397﻿metr]
Processed;node773473ac16038e3fc34dfe4f8aed354.html;[1.397﻿metr, 120.0﻿hertz, soni]
Processed;node7794cef7f133fae98cf84efc0b42582.html;[gpx]
Processed;node77bb4fe13cd150cf57d53e887b1910c3.html;[ye, black, silver, ye, 1.524﻿metr, 1.524﻿metr, 1.524﻿metr, 1.524﻿metr, 1.524﻿metr, 1.524﻿metr, 1.524﻿metr, ye, smart hub, 4k uhdtv 2160p, ye, 3840 x 2160, 3840 x 2160, 3840 x 2160, ye, 1200 clear motion rate, 1200 clear motion rate, 1200 clear motion rate, 26082.0﻿gram, ye, ye, ye, ye, atsc, samsung, samsung, samsung, samsung, samsung, ye, chrome, black, silver, ye]
Processed;node77e4704de3f9b8cadbafc9ea5cdc5d3a.html;[soni]
Processed;node785439dd72744c82a8511a4c8904b1f.html;[silver, webo 2.0, lg 55eg9600, 1.397﻿metr, lg, silver]
Processed;node78c45f68e44a6648d9a6d1ca55de0.html;[1.397﻿metr]
Processed;node792cfb2c22649ff7f7b129d16933c13e.html;[1.651﻿metr, black, 1.651﻿metr, lg, black]
Processed;node793defd8c1534478ffee3e2823bf794.html;[vizio]
Processed;node794297f9e7e21ed9dda81ba7a9c23d.html;[vizio d43 c1, d43 c1, vizio]
Processed;node79961b50c58ad5f16cc0965be46428fb.html;[1.016﻿metr, samsung]
Processed;node7a4a95cb42b9956c9e80a82378aea985.html;[1.2446﻿metr, 1.2446﻿metr, lg]
Processed;node7abc2ba7bafb61d35b738e7991812c32.html;[720p, black, samsung, samsung, samsung, samsung, activ, black, 0.7111999999999999﻿metr]
Processed;node7ad6fc4562c9acaa19ea29a8fe2de444.html;[4k uhdtv 2160p, 3840 x 2160, 3840 x 2160, 3840 x 2160, 3840 x 2160, 3840 x 2160, ju6700 seri, 1.397﻿metr, 1.397﻿metr, 1.397﻿metr, 1.397﻿metr, 1.397﻿metr, 1.397﻿metr, 1.397﻿metr class 1.38684﻿metr viewabl, atsc, samsung, samsung, samsung, samsung, samsung, 1.38684﻿metr]
Processed;node7b996ecdd2182ef89a77ca11e5da0c9.html;[black, black, black, black, vizio, vizio, vizio, vizio, vizio, black, black, black, black]
Processed;node7b9ad37cdfb163aafa9e4fc2595f1656.html;[ye, jpeg, black, black, black, black, high glossi black, mp3, 2 x main channel speaker built, 1080p full hd, 1080p full hd, ye, 1920 x 1080, 1920 x 1080, 1920 x 1080, ye, sleep, ye, ye, samsung, samsung, samsung, samsung, samsung, samsung, black, black, black, black, 0.6705599999999999﻿metr, ye, 1.27﻿metr class 1.2572999999999999﻿metr viewabl, 1.27﻿metr, 1.27﻿metr, 1.27﻿metr, 1.27﻿metr, 1.27﻿metr, 1.27﻿metr, 1.27﻿metr, 15694.560000000001﻿gram, ye, dolbi digit plu output, 1.2572999999999999﻿metr, 5 seri, ye, ye, ye, ye]
Processed;node7c6f5876aee14aab219704b25bd8bba.html;[1080p full hd, black, black, black, black, 1.016﻿metr, 1.016﻿metr, 1.016﻿metr, 1.016﻿metr, 1.016﻿metr, 1.016﻿metr, 1.016﻿metr, led backlight, led backlight frame dim, soni, soni, soni, black, black, black, black]
Processed;node7ce73788969f2cb47d9463dc66ead9f6.html;[lg]
Processed;node7ded2cb9ae2b5bdc238ff198cdf650cd.html;[720p, 720p, 720p, 16 9, jpeg, 0.33782﻿metr, 0.33782﻿metr, composit hdmi, 60.0﻿hertz, 60.0﻿hertz, atsc, gpx]
Processed;node7e9732da4d17dd5262bac06b1a9e29.html;[vizio d43 c1, 1.524﻿metr, d43 c1, vizio]
Processed;node7ea85d152f3ab439784fb71d80b4c4.html;[lg]
Processed;node7ee147c4c8d19cb467d7a5f09db834da.html;[samsung]
Processed;node7f20f7b02fa0763c755bd21d28a4e.html;[4k suhdtv 2160p, js7000 seri, 1.524﻿metr, 1.524﻿metr, 1.524﻿metr, 1.524﻿metr, 1.524﻿metr, samsung, samsung, samsung, samsung, samsung]
Processed;node7f5914be83740dfdf21fac41a6da8e.html;[ye, ye, black, ye, ye, 1.2191999999999998﻿metr, 1.2191999999999998﻿metr, 1.2191999999999998﻿metr, 1.2191999999999998﻿metr, 1.2191999999999998﻿metr, 1.2191999999999998﻿metr, ye, ye, 1.20904﻿metr, 1080p fullhd, ye, ye, 1.20904﻿metr, 1920 x 1080, 1920 x 1080, 1920 x 1080, ye, ye, 5 seri, 1.2191999999999998﻿metr, 1.2191999999999998﻿metr, 1.2191999999999998﻿metr, 1.2191999999999998﻿metr, 1.2191999999999998﻿metr, 1.2191999999999998﻿metr, ye, ye, ye, ye, ye, ye, ye, ye, atsc, samsung, samsung, samsung, samsung, samsung, ye, ye, black, ye, ye]
Processed;node802cb5ce50df50dd7cbe3f1885dd4e42.html;[1.0922﻿metr, 1.0922﻿metr, d43 c1, 1.0922﻿metr, vizio]
Processed;node809958bd607dd2e9b0c82394aa4af.html;[vizio]
Processed;node80a5e06f8911e3212279213dfda8c60.html;[1.397﻿metr, lg]
Processed;node81a0111e678a3b11854cd5a2f79b161.html;[atsc, gpx]
Processed;node8219fd752d8e1823e83bfaea7b219c8.html;[1.397﻿metr, soni]
Processed;node8256173842b126f32f3f47a27bf1f.html;[1.651﻿metr, 1.651﻿metr, black, black, black, black, 1.651﻿metr, 1.651﻿metr, lg, lg, 1.6382999999999999﻿metr, 1.6382999999999999﻿metr, black, black, black, black]
Processed;node8556ef914887eff80defcacf9b5db3.html;[ye, ye, 1.397﻿metr, 1.397﻿metr, 1.397﻿metr, 1.397﻿metr, 1.397﻿metr class 1.38684﻿metr viewabl, ye, 1.38684﻿metr, 4k uhdtv 2160p, ye, 3840 x 2160, 3840 x 2160, 3840 x 2160, ye, 960 clear motion rate, 960 clear motion rate, 960 clear motion rate, 120.0﻿hertz, 120.0﻿hertz, 120.0﻿hertz, ye, ye, ye, ye, samsung, samsung, samsung, samsung, samsung, samsung, ye, ye]
Processed;node85581fe86058c6308f849c115b54532.html;[black, soni, black]
Processed;node859234f95e08d4e18bd34747fbce07d.html;[lg 65eg9600, lg]
Processed;node86317ab7769ada718f7b522aebd56c.html;[vizio d43 c1, d43 c1, vizio]
Processed;node86e0401f7e8a39fee1bcb2dbf654f6.html;[lg 65eg9600, lg]
Processed;node872fe4ad359fc362126839d49c7ef59.html;[gpx]
Processed;node87419ba517ebccc1ec3987f690da4ae2.html;[1.016﻿metr, un40ju6400fxza, samsung]
Processed;node875280cb72dbe940d57eb6bdf32635.html;[1.2319﻿metr, soni, 1.2319﻿metr]
Processed;node8857ab130801d6321d80fa62fc22f5.html;[samsung]
Processed;node885d626fc9472d60bf9e549fe0dc80a4.html;[1.651﻿metr, black, 1.651﻿metr, 120.0﻿hertz, soni, black]
Processed;node886ab2abb22cb49d984fb69a8b4d428.html;[vizio d43 c1, 1.0922﻿metr, 1.0922﻿metr, d43 c1, 1.0922﻿metr, vizio]
Processed;node88df9752346ddb0a6e5d7aaeed742a1.html;[1.397﻿metr, soni]
Processed;node89e67bd06479b990b0414d53d22fc111.html;[1080p fullhd, d seri, vizio d43 c1, vizio d43 c1, vizio d43 c1, 1.0922﻿metr, 1.0922﻿metr, 1.0922﻿metr, 1.0922﻿metr, 1.0922﻿metr, 1.0922﻿metr, 1.0922﻿metr, 1.0922﻿metr, d43 c1, d43 c1, d43 c1, d43 c1, 120.0﻿hertz, 120.0﻿hertz, 120.0﻿hertz, 1.0795﻿metr, 1.0922﻿metr, 1.0922﻿metr, 1.0922﻿metr, 1.0922﻿metr, vizio, vizio, vizio]
Processed;node89f88bdf8e18be38cf914e725534d4.html;[soni xbr55x800b, 1.397﻿metr, 120.0﻿hertz, soni]
Processed;node8a256a7232ba23362d78653322ec2ea.html;[1.016﻿metr, samsung]
Processed;node8a4739a97abcbf808b4a2ebaae75fc72.html;[4k uhd 2160p, 1.651﻿metr, 1.651﻿metr, 1.651﻿metr, 1.651﻿metr, black, 1.651﻿metr, 1.651﻿metr, 1.651﻿metr, 1.651﻿metr, 1.651﻿metr class 1.6382999999999999﻿metr viewabl, soni, soni, soni, 1.6382999999999999﻿metr, black]
Processed;node8ace7298e349ede12badbab870bc54.html;[vizio d43 c1, d43 c1, vizio]
Processed;node8af8e085933f61b8fb8325a659b37240.html;[android tv]
Processed;node8b79f578d9f741b5c88feb8a2ff767d.html;[720p, gpx te1384b, gpx]
Processed;node8cc0adae77d611be4c5faac798a6d0.html;[4k uhdtv 2160p, 3840 x 2160, 3840 x 2160, 3840 x 2160, lan, webo 2.0, webo 2.0, webo 2.0, webo 2.0, webo 2.0, trumot 120.0﻿hertz, trumot 120.0﻿hertz, trumot 120.0﻿hertz, 120.0﻿hertz, 120.0﻿hertz, 120.0﻿hertz, lg, lg, lg, lg, lg, lg]
Processed;node8d498fa0c498dfb076327b205395fab5.html;[vizio]
Processed;node8da519254cf6c9e72c9104e769de46.html;[1.651﻿metr, 1.651﻿metr, 120.0﻿hertz, soni]
Processed;node8dda9547d208acabe547aab41ac15bb.html;[lg]
Processed;node8ecbfab58050f476d4b5d8ae3a1ef.html;[lg]
Processed;node8ee531edd4030352f5553a34b8fc.html;[vizio d43 c1, 1.0922﻿metr, 1.0922﻿metr, d43 c1, 120.0﻿hertz, 1.0922﻿metr, vizio]
Processed;node8ef28d1af427eadad6147beabbbbeb1.html;[]
Processed;node8f5c7c93f2af9d2cbb9bd65bc6fdb57.html;[webo 2.0, 1.397﻿metr]
Processed;node8f87271611cdafe617db7c79df46750.html;[1080p full hd, 1920 x 1080, 1920 x 1080, 1920 x 1080, 0.32766﻿metr, black, 1.524﻿metr, 1.524﻿metr, 1.524﻿metr, 1.524﻿metr, smart hub, smart hub, smart hub, smart hub, smart hub, samsung, samsung, samsung, samsung, samsung, black]
Processed;node8fa23948d32196213babe9d85437da.html;[lg 49uf6400, lg]
Processed;node8fac74218525e2a1c5a40a13bd9acf8.html;[ye, black, black, black, ye, 1.27﻿metr class 1.2572999999999999﻿metr viewabl, 1.27﻿metr, 1.27﻿metr, 1.27﻿metr, 1.27﻿metr, 1.27﻿metr, ye, 1.2572999999999999﻿metr, 4k uhdtv 2160p, ye, 3840 x 2160, 3840 x 2160, 3840 x 2160, ye, 240 clear motion rate, 240 clear motion rate, 240 clear motion rate, 17010.0﻿gram, ye, ye, ye, ye, atsc, samsung, samsung, samsung, samsung, samsung, samsung, ye, black, black, black, ye]
Processed;node8fc63b1e28cd311d59525b81f426220.html;[gpx]
Processed;node8fd6d632dba083e8eb69cb50ca725cdf.html;[gpx]
Processed;node903a9f9c74bc6b8729e56f0c6c63eb6.html;[webo 2.0, 1.397﻿metr]
Processed;node90548bbdd55f84bfa8067e2f7da2ecd.html;[lg 40lf6300, lg]
Processed;node90b9a39ed2b6808d2e7a99ed118a922.html;[1080p fullhd, d seri, vizio d43 c1, 1.0922﻿metr, 1.0922﻿metr, 1.0922﻿metr, 1.0922﻿metr, 1.0922﻿metr, 1.0922﻿metr, 1.0922﻿metr, 1.0922﻿metr, 1.0922﻿metr, 1.0922﻿metr, d43 c1, d43 c1, d43 c1, d43 c1, d43 c1, 1.0795﻿metr, 1.0795﻿metr, 1.0795﻿metr, 1.0795﻿metr, 1.0795﻿metr, 1.0922﻿metr, 1.0922﻿metr, 1.0922﻿metr, 1.0922﻿metr, 1.0922﻿metr, vizio, vizio, vizio, vizio]
Processed;node90f71446e6727463db572ee97c0f10.html;[1.27﻿metr, samsung]
Processed;node911bb5f0ed61edc5d468dd278e89ce7.html;[samsung un50eh5300, led backlight, samsung]
Processed;node917bab9877db3f4939fa3ceb31520f4.html;[3840 x 2160, 1.397﻿metr]
Processed;node91ebee9dd7c7e8cd5688315f82b622d1.html;[lg]
Processed;node922c412f1611baaed3fd56ad96cfc619.html;[720p, 720p, 720p, 720p, gpx tde1384b, gpx tde1384b, 0.33782﻿metr, 0.33782﻿metr, 0.33782﻿metr, 0.33782﻿metr, 0.33782﻿metr, 60.0﻿hertz, 60.0﻿hertz, 60.0﻿hertz, gpx, gpx]
Processed;node9267d72b9ccc6319d9b569b0cfc21dc1.html;[vizio d43 c1, 1.0922﻿metr, 1.0922﻿metr, d43 c1, 120.0﻿hertz, 1.0922﻿metr, vizio]
Processed;node93ef325c8b74ac6560b17d9e70d9df.html;[lg]
Processed;node9449ba7c8fed94a7712f9232c7f898.html;[1.27﻿metr, samsung]
Processed;node94e7c4e678c3db9eb263254ba67b3b25.html;[soni xbr55x850c, soni]
Processed;node956a881ce781fd16de2b27b9c287dd6.html;[samsung]
Processed;node95848a98b65dd02f63ccfca3401760.html;[1.016﻿metr, samsung]
Processed;node95febb3f8c5c7a9fbd1ad10dd84c8c7.html;[gpx te1384b, 0.33782﻿metr, gpx]
Processed;node96299d677d938bcb3aaef14294a5be1.html;[16 9, black, d43 c1, 120.0﻿hertz, vizio, black]
Processed;node962c84f373c1eb3f3ed05adf34f8d7c5.html;[samsung un55hu8500, un55hu8500, samsung]
Processed;node9686a7bd308a2564b1c2283ee88bd3aa.html;[1.016﻿metr, un40ju6400fxza, samsung]
Processed;node96a36b79662f4917636538c22eade.html;[gpx]
Processed;node974a69e86f89eed996721db6611a2af.html;[1.524﻿metr, samsung]
Processed;node97e33f988899f9cc7fab439654526b3f.html;[720p, gpx tde1384b, 0.33782﻿metr, 60.0﻿hertz, gpx]
Processed;node9827912b546a290db607d464acdfbcf.html;[black, black, black, 1.0922﻿metr, 1.0922﻿metr, 1.0922﻿metr, 1.0922﻿metr, 1.0795﻿metr, 1.0795﻿metr, 1.0922﻿metr, 1.0922﻿metr, lg, lg, black, black, black]
Processed;node98578296899a21544ac73a8477b42ff9.html;[1.397﻿metr, lg]
Processed;node98e5cea95e4ba5ab2f41bb5eaedec1f.html;[soni]
Processed;node9a656449b4497c422c3857c271b9682.html;[soni xbr55x800b, 1.397﻿metr, 120.0﻿hertz, soni]
Processed;node9a7d1b6410bdfc3f150291c1123a9b.html;[4k suhdtv 2160p, 4k suhdtv 2160p, js7000 seri, js7000 seri, 1.524﻿metr, 1.524﻿metr, un60js7000fxza, samsung, samsung]
Processed;node9ab78a3e9870e8c3a3715ed71dd95b2.html;[4k uhdtv 2160p, 3840 x 2160, 3840 x 2160, 3840 x 2160, lan, webo 2.0, webo 2.0, mp3, trumot 120.0﻿hertz, trumot 120.0﻿hertz, trumot 120.0﻿hertz, 1.397﻿metr, 1.397﻿metr, 1.397﻿metr, 1.397﻿metr, 1.397﻿metr, 1.397﻿metr, 1 year, 120.0﻿hertz, 120.0﻿hertz, 120.0﻿hertz, mt, lg, lg, lg, lg, lg, lg]
Processed;node9b59ba715090cc3ca4e98ec8d9f6e.html;[gpx]
Processed;node9b8f29102ff048e57754cc30e65bbae4.html;[samsung]
Processed;node9ba778e7b451e561986e9ab9ee03719.html;[1080p fullhd, d seri, vizio d43 c1, 1.0922﻿metr, 1.0922﻿metr, 1.0922﻿metr, 1.0922﻿metr, 1.0922﻿metr, 1.0922﻿metr, 1.0922﻿metr, 1.0922﻿metr, 1.0922﻿metr, 1.0922﻿metr, d43 c1, d43 c1, d43 c1, d43 c1, d43 c1, 1.0795﻿metr, 1.0795﻿metr, 1.0795﻿metr, 1.0795﻿metr, 1.0795﻿metr, 1.0922﻿metr, 1.0922﻿metr, 1.0922﻿metr, 1.0922﻿metr, 1.0922﻿metr, vizio, vizio, vizio, vizio]
Processed;node9baa8f84c91eef4a2b5a1ee7720dd53.html;[lg]
Processed;node9c4e85232a048de82db2beb75d6d31.html;[1.0922﻿metr, 1.0922﻿metr, 120.0﻿hertz, soni, 1.0922﻿metr]
Processed;node9caabf345a82ca84128ba54fea88cf54.html;[4k uhdtv 2160p, 3840 x 2160, 3840 x 2160, 3840 x 2160, lan, webo 2.0, trumot 120.0﻿hertz, trumot 120.0﻿hertz, trumot 120.0﻿hertz, trumot 120.0﻿hertz, 1.0922﻿metr, 1.0922﻿metr, 1.0922﻿metr, 1.0922﻿metr, 1.0922﻿metr, 1.0922﻿metr, 1.0922﻿metr, 1.0922﻿metr, 1.0922﻿metr, 1.0922﻿metr, sleep, 120.0﻿hertz, 120.0﻿hertz, 120.0﻿hertz, 120.0﻿hertz, 1.0795﻿metr, 1.0922﻿metr, 1.0922﻿metr, 1.0922﻿metr, 1.0922﻿metr, 1.0922﻿metr, lg, lg, lg, lg, lg, lg]
Processed;node9d3d31dec9e7edeb942a59dbde38e6c.html;[samsung]
Processed;node9d774ed123cabfd6a94ddcb6a3d3ebd.html;[1.397﻿metr, 1.397﻿metr, lg, lg, 1.38684﻿metr, 1.38684﻿metr]
Processed;node9d79eed1319f9f8641fdba5d8cb99f9.html;[soni]
Processed;node9de86550b2862fc7b7289bbc8572f.html;[4k uhdtv 2160p, 3840 x 2160, 3840 x 2160, 3840 x 2160, 3840 x 2160, black, 1.397﻿metr, 1.397﻿metr, 1.397﻿metr, 1.397﻿metr, 1.397﻿metr, 1.397﻿metr, 1.397﻿metr class 1.38684﻿metr viewabl, atsc, samsung, samsung, samsung, samsung, samsung, 1.38684﻿metr, black]
Processed;node9df86c26ff7bd89a3139c2b547aac526.html;[lg]
Processed;node9e1f4b59182244970e5fe46eb23ffb.html;[720p, 720p, 720p, 720p, 720p, 0.8128﻿metr, 0.8128﻿metr, 0.8128﻿metr, 0.8128﻿metr, 0.8128﻿metr class 0.8000999999999999﻿metr viewabl, 0.8128﻿metr, 0.8128﻿metr, 0.8128﻿metr, 0.8128﻿metr, led backlight, vizio, vizio, vizio, 0.8000999999999999﻿metr]
Processed;node9f28dee1e6f93b987b4504bc66b9e3d.html;[webo 2.0, lg 55eg9100, 1.397﻿metr, lg]
Processed;node9f4e1e2aa1b16d92698e183339f55496.html;[samsung]
Processed;node9f843167cc8a2db92d44024754a357d.html;[ye, silver black titan black, black, black, silver, ye, samsung un55js9000f, 1.397﻿metr, 1.397﻿metr, 1.397﻿metr, 1.397﻿metr, 1.397﻿metr, 1.397﻿metr, 1.397﻿metr class 1.38684﻿metr viewabl, ye, 1.38684﻿metr, 4k suhdtv 2160p, ye, 3840 x 2160, 3840 x 2160, 3840 x 2160, 3840 x 2160, ye, js9000 seri, ye, ye, ye, ye, atsc, ye, samsung, samsung, samsung, samsung, samsung, black, black, silver, silver black, titan black, ye]
Processed;node9fb3e7e454143e9cf3f08818119771.html;[soni xbr55x900c, 1.397﻿metr, soni]
Processed;node9fe7a81558f8aa8c54846d96943745a.html;[d43 c1, vizio]
Processed;node9fe8e640deb7e0f5b095fd6bb3e741.html;[lg]
Processed;nodea1be54f42322c87ed925449f9ff04136.html;[silver, lg, silver]
Processed;nodea230e7142f934fd7f863faf356968b5.html;[samsung]
Processed;nodea2895052225416626859bcfeedeb93e5.html;[gpx tde1384b, gpx tde1384b, 0.33782﻿metr, 0.33782﻿metr, 60.0﻿hertz, 60.0﻿hertz, gpx, gpx]
Processed;nodea3efb683d097ce525d8f88fa6cf7b049.html;[samsung]
Processed;nodea3f3ac10ce94b3cdf7b1fe1232c1cab.html;[3840 x 2160, 1.397﻿metr]
Processed;nodea477af16b84a175b722a698035f7dcf2.html;[1080p full hd, vizio d43 c1, 1.0922﻿metr, 1.0922﻿metr, d43 c1, 120.0﻿hertz, 1.0922﻿metr, vizio]
Processed;nodea5c7243e5286b6faccf5f18f5a16272.html;[soni]
Processed;nodea5d0b8ab9e30673cadb273fa5c31cc3b.html;[soni]
Processed;nodea64bbc1e5f23aa2879dd62ebe0c139.html;[1.651﻿metr, soni xbr65x850c, 1.651﻿metr, 120.0﻿hertz, soni]
Processed;nodea68a391a61705682a6cb666dfff33544.html;[1.2191999999999998﻿metr, 1.2191999999999998﻿metr, samsung]
Processed;nodea798d8cbe109a5efd22ad58b3849f61.html;[720p, gpx te1384b, gpx]
Processed;nodea7bbd36763c77d64829eee454c710aa.html;[soni xbr55x850c, soni]
Processed;nodea7fc8056cf7a81b4d352f5804c73335.html;[1.651﻿metr, 1.651﻿metr, 120.0﻿hertz, soni]
Processed;nodea86d1470c0db3fedb351dd9c22f2d20.html;[webo 2.0, 1.397﻿metr]
Processed;nodea8bad97f567d1d92c8557c794da201a.html;[ye, black, silver, silver, silver, ye, 1.651﻿metr, 1.651﻿metr, 1.651﻿metr, 1.651﻿metr, 1.651﻿metr, 1.651﻿metr class 1.6382999999999999﻿metr viewabl, ye, 1.6382999999999999﻿metr, 4k uhdtv 2160p, 1.651﻿metr, 1.651﻿metr, 1.651﻿metr, 1.651﻿metr, 1.651﻿metr, ye, 3840 x 2160, 3840 x 2160, 3840 x 2160, 3840 x 2160, ye, 7 seri, ye, ye, ye, ye, atsc, samsung, samsung, samsung, samsung, samsung, ye, black, silver, silver, silver, ye]
Processed;nodea8f55b46a8a9e2339c750d17d31e77.html;[1.651﻿metr, 1.651﻿metr, xbr 65x850c, soni]
Processed;nodea91a2b4b226e2ade3215d3cb1d4dd2b.html;[1.0922﻿metr, 1.0922﻿metr, d43 c1, 1.0922﻿metr, vizio]
Processed;nodea96f2085dcfa0a29cfa5a47dad97ec0.html;[vizio d43 c1, 1.0922﻿metr, 1.0922﻿metr, d43 c1, 120.0﻿hertz, 1.0922﻿metr, vizio]
Processed;nodea99ad676f8f810fb9e221cef54a764c.html;[lg 49uf6400, lg]
Processed;nodea9d92c8389c9ee4a9f1a629d3b0b4.html;[1.651﻿metr, 1.651﻿metr, xbr 65x850c, soni]
Processed;nodeaaa260bc435d75969e9bad4215f35ac.html;[1.016﻿metr, samsung]
Processed;nodeaabf727e87b7381f88d5f8112831a18.html;[1.0922﻿metr, 1.0922﻿metr, xbr 43x830c, soni, 1.0922﻿metr]
Processed;nodeab176c6bbcc52d17a45b1b1f7a6bffb.html;[1.397﻿metr, lg]
Processed;nodeabb8aadac289d44a5656b01fd01397.html;[vizio]
Processed;nodeabc4a961b7c7cd47dbb53c6f907c65.html;[ye, ye, ye, ye, 1.27﻿metr class 1.2572999999999999﻿metr viewabl, 1.27﻿metr, 1.27﻿metr, 1.27﻿metr, 1.27﻿metr, 1.27﻿metr, 12519.36﻿gram, ye, ye, 1.2572999999999999﻿metr, 4k uhdtv 2160p, ye, ye, 3840 x 2160, 3840 x 2160, 3840 x 2160, 0.05334﻿metr, ye, ye, 7 seri, 1 year, ye, ye, ye, ye, ye, ye, ye, ye, atsc, samsung, samsung, samsung, samsung, samsung, samsung, ye, ye, ye, ye]
Processed;nodeabe346d62f67a26da32aaed75f0a75a.html;[1.397﻿metr, samsung]
Processed;nodeacfe6bca614543712079e1f15016d7e7.html;[gpx]
Processed;nodead2372824d4b4c614918f61347ab2085.html;[gpx]
Processed;nodead313a5751deafedc4237721745129a.html;[1.27﻿metr, samsung]
Processed;nodead613aac202fc8943ef33af7d336a73.html;[samsung]
Processed;nodeadcc9e951558639ef09ccf66f6ceab64.html;[gpx]
Processed;nodeae2a98b1e49770da1d93dd5aa1cf6645.html;[vizio d43 c1, 1.0922﻿metr, 1.0922﻿metr, d43 c1, 120.0﻿hertz, 1.0922﻿metr, vizio]
Processed;nodeae398a912a5e8485f752bea6392eaf3.html;[atsc, gpx]
Processed;nodeaeb29e33f2264f324dc1d252b28a256.html;[1.397﻿metr, 1.397﻿metr class 1.38684﻿metr viewabl, 1.38684﻿metr]
Processed;nodeaeb98377c99df55273ee1746d189bda.html;[1.651﻿metr, 1.651﻿metr]
Processed;nodeaee4a174d8762492da771e941916c4c3.html;[]
Processed;nodeaef352dcfd2029c8463ec18242f353d.html;[1.016﻿metr, samsung]
Processed;nodeaf6bf9e383be4746ae53439a6ca3384.html;[0.0508﻿metr, webo 2.0, 1.397﻿metr, lg, lg]
Processed;nodeb187943338c921b9de3fa6481950c4.html;[gpx]
Processed;nodeb24e2c381e1fdb08ce467664e1fc4d6.html;[soni xbr55x900c, 1.397﻿metr, soni]
Processed;nodeb286257045cb5d9bf49f1a7e2597e5e.html;[gpx]
Processed;nodeb3225894a2b3cde9f3f2943fff19f1a.html;[samsung]
Processed;nodeb3a7e3839787793b736021d0ae09dd3.html;[1.397﻿metr, lg]
Processed;nodeb3df9b218c6800274e4e43d1800.html;[720p, gpx tde1982b, 0.4699﻿metr, gpx]
Processed;nodeb43fa5843dadf9ef12d9bd70e8244dc4.html;[4k uhdtv 2160p, 3840 x 2160, 3840 x 2160, 3840 x 2160, 3840 x 2160, black, 6 seri, samsung un40ju6400, samsung un40ju6400, samsung un40ju6400, samsung un40ju6400, 1.016﻿metr, 1.016﻿metr, 1.016﻿metr, 1.016﻿metr, 1.016﻿metr, 1.016﻿metr, atsc, samsung, samsung, samsung, samsung, samsung, samsung, black]
Processed;nodeb452c577135dea4d89c4fcd40b9ac4f.html;[1.0922﻿metr, 1.0922﻿metr, d43 c1, 120.0﻿hertz, 1.0922﻿metr]
Processed;nodeb4b91e5e847bd48433455b8148ed559.html;[soni]
Processed;nodeb580f27ebdf2f8ce488f4e550894b88.html;[lg]
Processed;nodeb6ba26852ccc83ad6f7dd3411812fbe.html;[gpx]
Processed;nodeb73cfc9b12aec5d7161d83874b281cce.html;[1.397﻿metr, soni]
Processed;nodeb7b074f9f43fb7f068404a68e35e9f4.html;[lg]
Processed;nodeb8799a400c058f33b6bed3c5fa9103c.html;[vizio d43 c1, 1.0922﻿metr, 1.0922﻿metr, d43 c1, 120.0﻿hertz, 1.0922﻿metr, vizio]
Processed;nodeb96b6a9d6663d79aff1fa5bcb31f75.html;[samsung]
Processed;nodeba47a9007d3888f818dbd378c368dc.html;[16 9, black, 1.2191999999999998﻿metr, 1.2191999999999998﻿metr, samsung, black]
Processed;nodeba77b09cb8e9e0f788881e6caa0d739.html;[soni xbr43x830c, 1.0922﻿metr, 1.0922﻿metr, soni, 1.0922﻿metr]
Processed;nodeba7fb6876751c6f1c1439baea9f4985.html;[1.27﻿metr class 1.2572999999999999﻿metr viewabl, 1.27﻿metr, 1.2572999999999999﻿metr]
Processed;nodebab45ff862c885b07249dad7d43b837.html;[soni]
Processed;nodebb1742cfd723b5979f2f836a07cfbb.html;[1.016﻿metr, samsung]
Processed;nodebbb1fa8abde142685a49ac644fbc5.html;[vizio d43 c1, 1.0922﻿metr, 1.0922﻿metr, d43 c1, 120.0﻿hertz, 1.0922﻿metr, vizio]
Processed;nodebbbf3cb51b31cdd72714bbb8cb8c879.html;[xbr 43x830c, soni]
Processed;nodebd4ac3e3f2e6eab4bf2e101df7fe918.html;[1.651﻿metr, silver, webo 2.0, lg 65eg9600, 1.651﻿metr, lg, silver]
Processed;nodebd4b84bd82e11d66d0043f3b280437f.html;[720p, gpx tde1384b, 60.0﻿hertz, gpx]
Processed;nodec032a9b9566bfb49bf25f7d841d267.html;[vizio d43 c1, d43 c1, vizio]
Processed;nodec05ec5a828b748f6b44378a9a18e9ca6.html;[1.651﻿metr, 1.651﻿metr, lg]
Processed;nodec0b628fa56acd6f27197639785e1ede6.html;[lg]
Processed;nodec14a95dc7c5c8912adce421457191b69.html;[vizio d43 c1, d43 c1, vizio]
Processed;nodec153533b2101cd99ba2b130e4f6b4f7.html;[vizio d43 c1, d43 c1, vizio]
Processed;nodec1afb1376d2a6ff5b597ea3b4f2921.html;[soni xbr55x800b, 1.397﻿metr, 120.0﻿hertz, soni]
Processed;nodec1ff8fd1f93e2e273f24b16ba45697f8.html;[lg]
Processed;nodec2beffcacb19ab576d669f12e2846fa7.html;[gpx]
Processed;nodec2d9cc4ef67433a5549231846fd53b.html;[1.397﻿metr, soni]
Processed;nodec2eecccede9199d92bcaa30c817b686.html;[d43 c1, vizio]
Processed;nodec48ed04e253d92ee7baf6bea545d1e.html;[soni]
Processed;nodec4aaed726211f72eaea87b78ddb6136.html;[1080p full hd, vizio d43 c1, 1.0922﻿metr, 1.0922﻿metr, d43 c1, 120.0﻿hertz, 1.0922﻿metr, vizio]
Processed;nodec4d04bf0f9a9d998d6afd7391afb2d1.html;[gpx]
Processed;nodec6385132bed5181c70619e4b4a52ac.html;[1.651﻿metr, 1.651﻿metr, soni]
Processed;nodec65254f515b48a4c8e8f0a121197d9d.html;[soni xbr55x850c, soni]
Processed;nodec6563eb9dbf147e1f191ce811f1e758d.html;[samsung]
Processed;nodec6c7822285bb18ff2d54087cf294ebd.html;[1.397﻿metr, samsung]
Processed;nodec84435758cfcb9215e90be7b375f2f72.html;[1.397﻿metr]
Processed;nodec908fbcae55657352d1a2165b71dadc.html;[led backlight, samsung]
Processed;nodec981993e8e6ff9073de5bbfd5c5c6.html;[lg]
Processed;nodec9f9bb3fcc12922b98664914bad50b9.html;[gpx]
Processed;nodeca7d8432775b37d4cb04728666fed2c.html;[soni xbr55x800b, 1.397﻿metr, 120.0﻿hertz, soni]
Processed;nodecc34cac1963fc73d6b9b7e16cc3117.html;[uf6400 seri, 1.0922﻿metr, 1.0922﻿metr, 1.0922﻿metr, hevc, lg]
Processed;nodecc4370dd6e7f4b37f3bce12324c840bf.html;[3840 x 2160, 16 9, black, 1.016﻿metr, atsc, black]
Processed;nodecda481b720ae1649388342e3eb931f3c.html;[gpx]
Processed;nodece5f73321fb63dcf2935e757b7279d8.html;[d seri, 1.0922﻿metr, 1.0922﻿metr, d43 c1, led backlight, 1.0922﻿metr, vizio]
Processed;nodece6f1312b285fd7f92ccd9703f8ce5d7.html;[720p, gpx te1384b, gpx]
Processed;nodecec7f9109ee1a7419e2925ef30246089.html;[lg 49uf6400, 1.2446﻿metr, 1.2446﻿metr, lg]
Processed;nodecf518fda51ea428beef4547c68b51c.html;[vizio d43 c1, d43 c1, vizio]
Processed;noded033665641b979134feb3a6c56e87d66.html;[1.651﻿metr, 1.651﻿metr, 120.0﻿hertz, soni]
Processed;noded0baff417a32a5f090fd99d29b649584.html;[1.397﻿metr, samsung]
Processed;noded119e9b8eceafd8e542991125abb7bc.html;[black, 1.016﻿metr, un40ju6400fxza, samsung, black]
Processed;noded44297f2a4fc617a620779baee5bd70.html;[1.0922﻿metr, 1.0922﻿metr, d43 c1, 1.0795﻿metr, 1.0922﻿metr]
Processed;noded58f118215b9b8da9047d5ae1b2b696f.html;[vizio d43 c1, 1.0922﻿metr, 1.0922﻿metr, d43 c1, 1.0922﻿metr, vizio]
Processed;noded730a47616e9d3199c2878fbf33f120.html;[1.397﻿metr, 1.397﻿metr, lg, lg, 1.38684﻿metr, 1.38684﻿metr]
Processed;noded7ade45451a0c5a4e72fa653416da2.html;[1.651﻿metr, 1.651﻿metr, 1.651﻿metr class 1.6382999999999999﻿metr viewabl, lg, lg, lg, lg, lg, 1.6382999999999999﻿metr]
Processed;nodedd583fe5b0209e237365435eece2fad.html;[]
Processed;nodedfc711f5fc49e939a9c459b61f29973.html;[samsung]
Processed;nodee0ba6beff8d5f3d2d2868b2aa1db7e6.html;[ye, black, black, black, ye, 1.27﻿metr class 1.2572999999999999﻿metr viewabl, 1.27﻿metr, 1.27﻿metr, 1.27﻿metr, 1.27﻿metr, 1.27﻿metr, ye, 1.2572999999999999﻿metr, 1080p full hd, 1080p full hd, 1080p full hd, 1080p full hd, ye, 1920 x 1080, ntsc, 16 9, 16 9, 16 9, ye, ye, ye, ye, ye, atsc, samsung, samsung, samsung, samsung, samsung, ye, black, black, black, ye]
Processed;nodee1b1fbca8a659d5528ad9955d1693b2a.html;[1.397﻿metr, soni]
Processed;nodee1e8241f829db51ce31a7a94fcf3cd5.html;[soni]
Processed;nodee2248452683d6dcf4cab5d9d8465b57.html;[samsung]
Processed;nodee24b13cd26755e5a9eb247b99d3e75e.html;[samsung]
Processed;nodee26a40ce8b6e338f7e7e7bc2aefa1d5.html;[1.651﻿metr, soni xbr65x850c, 1.651﻿metr, 120.0﻿hertz, soni]
Processed;nodee337d12d53dd79d41c81ba8015a257.html;[soni]
Processed;nodee3a0d88b28c16768f5b2dff1e2bb813.html;[ye, black, black, black, black, black, silver, silver, silver, silver, smart hub, 4k uhd 2160p, 4k uhdtv 2160p, ye, 3840 x 2160, 3840 x 2160, 3840 x 2160, 0.8382﻿metr, ye, wi fi lan, lan, 1 year, ye, ye, samsung, samsung, samsung, samsung, samsung, 0.8382﻿metr, black, black, black, black, black, silver, silver, silver, silver, ye, 1.651﻿metr class 1.6382999999999999﻿metr viewabl, 1.651﻿metr, 1.651﻿metr, 1.651﻿metr, 1.651﻿metr, ye, dolbi digit plu output dolbi puls output, dolbi digit plu output, dt digit output dolbi digit plu output, dt digit output dolbi digit plu output dolbi puls output, 1.6382999999999999﻿metr, 1.651﻿metr, 1.651﻿metr, 1.651﻿metr, 1.651﻿metr, ye, ye, ye, ye]
Processed;nodee3ab4359f535ad2bab5128bc37f914.html;[soni xbr55x900c, 1.397﻿metr, soni]
Processed;nodee3f87bdd4d995390f28db6d2851f4d5e.html;[samsung]
Processed;nodee464c66ce4cbae7e8cbd57b7f69f462a.html;[gpx]
Processed;nodee473dadd54e9a5f2d2b50f71f417de.html;[vizio d43 c1, 1.0922﻿metr, 1.0922﻿metr, d43 c1, 120.0﻿hertz, 1.0922﻿metr, vizio]
Processed;nodee48a1719aa76440e29299f3e6295ea4.html;[soni xbr43x830c, soni]
Processed;nodee4d9f986898ec79bc39514a4e3e5af2e.html;[samsung]
Processed;nodee4dd2d090fce8371076b168ab3ce6e3.html;[1080p full hd, 1920 x 1080, 1920 x 1080, 1920 x 1080, 16 9, 16 9, 16 9, lan, lan, lan, lan, black, black, black, webo 2.0, webo 2.0, webo 2.0, webo 2.0, lg 55eg9100, lg 55eg9100, lg 55eg9100, lg 55eg9100, 1.397﻿metr, 1.397﻿metr, 1.397﻿metr, 1.397﻿metr, 1.397﻿metr, lg, lg, lg, lg, lg, lg, lg, lg, lg, lg, lg, lg, black, black, black]
Processed;nodee4e48531fb1be05ae777abf07c6576f.html;[1.651﻿metr, 1.651﻿metr]
Processed;nodee5a10124231d33b1795dea5794d61c.html;[1.0922﻿metr, 1.0922﻿metr, 120.0﻿hertz, soni, 1.0922﻿metr]
Processed;nodee6ce71d562d16bc1a96a5b7477df992.html;[1.27﻿metr, samsung]
Processed;nodee6f0d9d1c5c7fa41e535be58a6fa8252.html;[1.651﻿metr, 1.651﻿metr, black, black, black, black, 1.651﻿metr, 1.651﻿metr, lg, lg, 1.6382999999999999﻿metr, 1.6382999999999999﻿metr, black, black, black, black]
Processed;nodee7de2efcdc6fad5562cefea6ef659254.html;[16 9, 1.016﻿metr, samsung]
Processed;nodee7e89da8d26a78eb4150fde2cc9787c8.html;[1080p full hd, vizio d43 c1, 1.0922﻿metr, 1.0922﻿metr, d43 c1, 120.0﻿hertz, 1.0922﻿metr, vizio]
Processed;nodee83fa28b30d0f431a4815a1d7a5845d1.html;[android tv]
Processed;nodee87447d3d9566de57377b4f7430e04.html;[ye, black, silver, silver, silver, ye, samsung un65ju7100, samsung un65ju7100, samsung un65ju7100, 1.651﻿metr, 1.651﻿metr, 1.651﻿metr, 1.651﻿metr, 1.651﻿metr, 1.651﻿metr, 1.651﻿metr class 1.6382999999999999﻿metr viewabl, ye, 1.6382999999999999﻿metr, 4k uhdtv 2160p, 1.651﻿metr, 1.651﻿metr, 1.651﻿metr, 1.651﻿metr, 1.651﻿metr, 1.651﻿metr, ye, 3840 x 2160, 3840 x 2160, 3840 x 2160, 3840 x 2160, 3840 x 2160, ye, 7 seri, ye, ye, ye, ye, atsc, samsung, samsung, samsung, samsung, ye, black, silver, silver, silver, ye]
Processed;nodee8b5ebfbefe7abca8581c1f24ae178eb.html;[samsung]
Processed;nodee9706e483b9497a3f5cfe0b448dffbdc.html;[xbr 65x850c, soni]
Processed;nodeeb492db16684b2251927514927e5ec0.html;[1.397﻿metr, lg]
Processed;nodeeb601c76c7706852b1ec59dd91e125e.html;[16 9, black, d43 c1, 120.0﻿hertz, vizio, black]
Processed;nodeec5dfbe093e48e3c2e39196365e1561.html;[samsung]
Processed;nodeec97c8ce6df55df9c9634a0541775c9.html;[1.27﻿metr, samsung]
Processed;nodeed7c58122a4a47f434bd9b4d66d6ccc.html;[android tv]
Processed;nodeef6375f8a9e855753d49a9a825e7eb5.html;[led backlight, samsung]
Processed;nodef00804df5f9ec21c31d1f7fbed9aaa5.html;[webo 2.0, 1.397﻿metr]
Processed;nodef135b91abdec0eeaa2587c54730a790.html;[1920 x 1080, 1.0922﻿metr, 1.0922﻿metr, d43 c1, 1.0922﻿metr]
Processed;nodef174e2feb5c64e3c68d05624854ba427.html;[60.0﻿hertz]
Processed;nodef38142ff743faf6812cf11bbbb7571.html;[lg 49uf6400, lg]
Processed;nodef48eeb4c2aa817644943122db747c858.html;[1.27﻿metr, samsung]
Processed;nodef6799151cf153260fd5e62bdbe10b033.html;[uf6400 seri, 1.2446﻿metr, 1.2446﻿metr, lg]
Processed;nodef6995d5ba8fd635d2571c9bac1604a.html;[720p, 720p, 720p, 720p, gpx tde1384b, gpx tde1384b, gpx tde1384b, 0.33782﻿metr, 0.33782﻿metr, 0.33782﻿metr, 0.33782﻿metr, 0.33782﻿metr, 60.0﻿hertz, 60.0﻿hertz, 60.0﻿hertz, gpx, gpx, gpx]
Processed;nodef69f6866b83269515b90d981a4ac6a3.html;[soni xbr55x800b, 1.397﻿metr, 120.0﻿hertz, soni]
Processed;nodef741bd19171e3c5f35e514b43c112972.html;[1.0922﻿metr, 1.0922﻿metr, d43 c1, 120.0﻿hertz, 1.0922﻿metr]
Processed;nodef761705ea7a8d5c570715afcf959e5d.html;[1.397﻿metr]
Processed;nodef791f4eb943cfe1a86d28111f3adb13.html;[lg]
Processed;nodef7a4dfb31a3e7bf7c9314b0d367a631.html;[1.651﻿metr, 1.651﻿metr, 120.0﻿hertz, soni]
Processed;nodef8205f22ef1f8da71e98cd0def4ece1.html;[1.27﻿metr, samsung]
Processed;nodef8e5a0a2dc83641098d86f50dd96b6e2.html;[4k suhdtv 2160p, 3840 x 2160, 3840 x 2160, 3840 x 2160, 3840 x 2160, silver, 8 seri, samsung un55js8500f, 1.397﻿metr, 1.397﻿metr, 1.397﻿metr, 1.397﻿metr, 1.397﻿metr, 1.397﻿metr class 1.38684﻿metr viewabl, atsc, samsung, samsung, samsung, samsung, samsung, 1.38684﻿metr, silver]
Processed;nodefa27dc9d8eb1ba24b36c6c585ace7ce.html;[720p, 0.33782﻿metr, 60.0﻿hertz]
Processed;nodefb5d1d3c84f2da3c96e4dc02e8c61f5.html;[1.2191999999999998﻿metr, 1.2191999999999998﻿metr, samsung]
Processed;nodefbd1f69b5df2a99cc498e85e137f.html;[soni]
Processed;nodefc2a381e4cca4531db18975c8d1964a.html;[soni]
Processed;nodefc3089855fb1a87d67927e99417e765.html;[soni xbr43x830c, 1.0922﻿metr, 1.0922﻿metr, soni, 1.0922﻿metr]
Processed;nodefc6dddf3478dfef02e26fa1db69c572.html;[black, 1.651﻿metr class 1.6382999999999999﻿metr viewabl, 1.651﻿metr, 1.651﻿metr, 1.651﻿metr, 1.651﻿metr, 1.651﻿metr, 1.6382999999999999﻿metr, 2 x main channel speaker built, 1080p full hd, 1.651﻿metr, 1.651﻿metr, 1.651﻿metr, 1.651﻿metr, 1.651﻿metr, 1920 x 1080, 1920 x 1080, 1920 x 1080, 0.9270999999999999﻿metr, wi fi lan, lan, 0.9270999999999999﻿metr, 60.0﻿hertz, atsc, samsung, samsung, samsung, samsung, samsung, samsung, black]
Processed;nodefcb798e2dceca91dd0a4b6c2c0ae918c.html;[webo 2.0, 1.397﻿metr]
Processed;nodefe8613d0ceed12fa8220b120cf94d98d.html;[1.651﻿metr, 1.651﻿metr, lg]
Processed;nodeffa387c6552566285f731636251791.html;[1.397﻿metr, lg]
